date,id_str,user_name,text,time,latitude,longitude,interest
2018-05-03,1291239409.0,1fsmith1,blessed home hawai â€™ weeks kanaka kav,01:25:05,19.6346908,-155.98983930000003,True
2018-05-06,1720077240.0,808Plate,feliz cinco mayo ohana ğŸ¤™ ğŸ½ plate ğŸ“ pint amp cork wailea maui hawaii,03:27:32,20.68711,-156.4403,True
2018-05-01,119785955.0,AdamBuzz,riley absolutely loved beach showed fear waves she wanted,23:51:32,19.827920000000002,-155.99132,True
2018-05-06,1575202140.0,AirHawaiiNet,ã‚­ãƒ©ã‚¦ã‚¨ã‚¢ç«å±±ã®å™´ç« ğŸŒ‹ è¿‘éš£ã®æ–¹ã€…ã¯å¤§ä¸ˆå¤«ã‹ãª â€¦ å¤§è‡ªç„¶ã¨å…±å­˜ã—ã¦ã‚‹ä»¥ä¸Š ã€ ä»•æ–¹ã®ãªã„ã“ã¨ã ã‘ã‚Œã©ã‚‚ ã€ ã€ å¿ƒé…ã§ã™ã­ ğŸ˜” å ´æ‰€ volcano national,06:18:52,19.61838,-155.98554,True
2018-05-05,1947483542.0,AlainaFuata,â€œ she pele honua mea pele sacred land she pele â€˜ ai honua pele,04:29:08,19.4735,-154.92,True
2018-05-07,50324861.0,AlexVNolan,man crushed studly sea ğŸŒŠ god emerging waves the adventures,11:31:17,20.69138479,-156.44388733,True
2018-05-04,266281691.0,AlyaShowroom,yesterday â€™ adventure see madam pele ğŸŒ‹ volcano national park kilaue,22:42:38,19.61838,-155.98554,True
2018-05-01,16514093.0,AnthonyHitt,a beautiful maui moon cloudy night hawaii aloha cove par,06:59:01,20.728714800000002,-156.45058083,True
2018-05-21,8241232.0,AnthonyQuintano,i hilo international airport hilo h,06:56:56,19.71887858,-155.04764557,True
2018-05-26,401257758.0,ArcturusFlyer,charibdys merumorimaru your man senjeffmerkley long way home,22:39:03,19.924535000000002,-155.8866757,True
2018-05-27,401257758.0,ArcturusFlyer,such humid very vog so kona,01:43:15,19.9255363,-155.88821399999998,True
2018-05-06,118513852.0,BalloonMagicGuy,thank maui it â€™ time go back home hope perform,18:08:00,20.89861111,-156.43055556,True
2018-05-05,44291580.0,Beaubeaubarina,sisi ğŸŒ¹ â€¢ â€¢ â€¢ feels like â€™ forever home kahului hawai,16:05:59,20.8818,-156.467,True
2018-05-04,154787088.0,Belou20,can â€™ imagine people leilani neighbors feeling right,19:05:07,19.7055,-155.086,True
2018-05-07,13335.0,BillAdams,on edge halema uma u crater kalaimoku advisor king makes,00:43:31,19.41,-155.286,True
2018-05-20,16422718.0,BillyChavis,headed maui kona international airport kailua kona hi,20:13:04,19.73549893,-156.04078617,True
2018-05-03,224628292.0,BrianSibbitt,kilauea volcano spitting lava lots action eruption looms,06:37:18,19.61838,-155.98554,True
2018-05-03,224628292.0,BrianSibbitt,a hawaiian sunset deck vacation kona sunset paradise lako hous,05:41:23,19.608754100000002,-155.96775055,True
2018-05-07,2479878103.0,BrigetteNamata,ğŸ˜³ this residents leilani estates seeing county officials,20:12:55,19.4735,-154.92,True
2018-05-02,1684432579.0,Busisa_org,visit us twitter youtube facebook google instagram stay connected keep,13:59:27,19.64188,-155.99315,True
2018-05-25,216485533.0,CDRP_FSU,cdrp spent week hawaii working volcano crasar crasar lots good lessons learned proud r,01:55:48,19.47620833,-154.89601167,True
2018-05-04,52498259.0,COGdesign,goddess paying visit old neighborhood pele madamepele,07:46:56,19.4735,-154.92,True
2018-05-03,52498259.0,COGdesign,looks like madame pele thinking creating square footage,22:31:15,19.38638889,-155.105,True
2018-05-08,52498259.0,COGdesign,love prayers go family loved ones big,02:01:58,19.4735,-154.92,True
2018-05-04,351258862.0,Cassymm,staycation vacation ğŸŒ„ ohana â¤ ï¸ maui hawaii haleakala crater haleakal,18:30:08,20.71333333,-156.2575,True
2018-05-01,26949222.0,ChanMacNCheez,sunrise crater atop mt haleakalÄ april hawaii,19:56:09,20.76951362,-156.24264947,True
2018-05-02,593078442.0,ChefBellec,ready lunch service looks like pool going busy,22:14:00,19.827920000000002,-155.99132,True
2018-05-04,16793409.0,Cimcie,ğŸŒ‹ stay safe bigisland it â€™ hard catch puddlejumper,18:33:13,20.98590154,-156.66873096,True
2018-05-01,372919346.0,DallasMcCulloch,flying home hilo hilo cool always nice visit family,18:02:25,19.73611111,-155.07694444,True
2018-05-08,45979358.0,DandyLyon74,we said fair well home leilani estates hawaii sunday,08:16:26,19.4735,-154.92,True
2018-05-08,713090676.0,DeniseLaitinen,here pahoa community center update leilani lava,03:59:03,19.500999999999998,-154.953,True
2018-05-01,16463488.0,DrMickeyWit,ğŸŒ‹ haleakala maui haleakala crater maui h,04:14:34,20.7148496,-156.250292,True
2018-05-20,1058710904.0,E2EJobs,see latest hi job click apply customer service associate oblsagtgu customerser,14:15:10,19.6399924,-155.9969052,True
2018-05-24,1058710904.0,E2EJobs,can recommend anyone job hilo hi khkskzqyo customerser,05:07:26,19.707094199999997,-155.0884869,True
2018-05-04,123938204.0,EhikuRademacher,growing big island i remember going visit lava flow night,22:44:33,19.4139,-155.246,True
2018-05-06,1146568291.0,EricaDawley,getting smashed piÃ±ata ğŸ‡² ğŸ‡½ ğŸ¹ ğŸ’ƒ ğŸ½ justkiddingnotreally,05:25:10,20.88698436,-156.68506521,True
2018-05-23,33142966.0,FOX40,man defending hawaii home volcano hit by flaming lava bom,14:34:58,19.497503,-154.95081000000002,True
2018-05-09,1704004980.0,GeneLamkin,hilo murals hilo hawai,06:37:41,19.7055,-155.086,True
2018-05-09,1704004980.0,GeneLamkin,red road tree tunnel hawaii bigisland kalapana hawai,04:23:28,19.3542,-154.97899999999998,True
2018-05-09,43163920.0,GevaNeva,island of hawai volcano updateofficial statement on current,14:00:11,19.49378056,-155.00968889,True
2018-05-05,7.800033021633536e+17,HIfreedive,lessons from kona depth challenge ğŸ¬ â€¢ â€¢ â€¢ ğŸ¬ make training,17:02:44,20.911739999999998,-156.37774,True
2018-05-06,58075612.0,HRinHeelsLLC,kona good us ğŸ’œ ğŸ¥¥ ğŸ ğŸ¹ kailua kona,21:37:06,19.65,-155.994,True
2018-05-04,284481348.0,HandKhandbags,with heightened ğŸŒ‹ volcanic activity the big island like,12:36:22,19.99806,-155.81602,True
2018-05-06,337884631.0,HiloHawaii_,hilo hi sun may th pm forecast today hazy,17:01:11,19.6686,-155.3062,True
2018-05-02,337884631.0,HiloHawaii_,hilo hi tue may st pm forecast tonight hazy we,02:01:06,19.6686,-155.3062,True
2018-05-07,337884631.0,HiloHawaii_,hilo hi sun may th pm forecast tonight hazy,02:01:06,19.6686,-155.3062,True
2018-05-04,337884631.0,HiloHawaii_,hilo hi thu may rd pm forecast tonight chance of showers friday chanc,02:01:05,19.6686,-155.3062,True
2018-04-30,337884631.0,HiloHawaii_,hilo hi sun apr th pm forecast tonight chance of showers mo,02:01:06,19.6686,-155.3062,True
2018-05-06,337884631.0,HiloHawaii_,hilo hi sat may th pm forecast tonight hazy,02:01:05,19.6686,-155.3062,True
2018-05-03,337884631.0,HiloHawaii_,hilo hi thu may rd pm forecast today chance of showers tonight chanc,17:01:07,19.6686,-155.3062,True
2018-05-03,337884631.0,HiloHawaii_,hilo hi wed may nd pm forecast tonight chance of showers thursday chanc,02:08:10,19.6686,-155.3062,True
2018-05-02,337884631.0,HiloHawaii_,hilo hi wed may nd pm forecast today hazy,17:08:10,19.6686,-155.3062,True
2018-05-04,337884631.0,HiloHawaii_,hilo hi fri may th pm forecast today hazy,17:01:10,19.6686,-155.3062,True
2018-05-01,337884631.0,HiloHawaii_,hilo hi mon apr th pm forecast tonight hazy,02:01:05,19.6686,-155.3062,True
2018-05-05,337884631.0,HiloHawaii_,hilo hi fri may th pm forecast tonight hazy s,02:01:06,19.6686,-155.3062,True
2018-05-04,66811005.0,HiloPalace,may glance â¤ ï¸ â€¢ the death of stalin movie â€¢ keep the,02:29:28,19.724529999999998,-155.08649,True
2018-05-04,22755516.0,HulasWaikiki,our thoughts prayers people big island right,23:31:21,19.99806,-155.81602,True
2018-05-04,121049123.0,INGVterremoti,terremoto mw ore it del hawaiian islands united states land prof k,23:34:03,19.65,-155.12,True
2018-05-09,122307661.0,IlhamAbbas,visited kilauea volcano from air showing active,06:17:20,19.56483906,-155.96510866,True
2018-05-04,34515135.0,ItsMeGregory,after evacuating i went north hilo found trail hike calm,19:41:21,19.7055,-155.086,True
2018-05-06,28669569.0,JanaMcMahon,roasting yellow beans weekly meals meal prep essential it,21:12:18,20.7591,-156.457,True
2018-04-30,28669569.0,JanaMcMahon,breakfast madge amp g ğŸŒŸ home maui janaland maui chickenlove kihei hawai,17:12:53,20.7591,-156.457,True
2018-05-08,28669569.0,JanaMcMahon,pan browned japanese eggplant ğŸ‹ maldonsalt keep,22:01:35,20.7049,-156.44638999999998,True
2018-05-02,28669569.0,JanaMcMahon,coconut ğŸ¥¥ harvest hydrating water healthy fats versatile meat wonder,20:02:09,20.7591,-156.457,True
2018-05-08,373183485.0,JordanForth,fitness nutrition modern day religion check new,17:06:07,19.65,-155.994,True
2018-05-09,1296285120.0,JungleZipMaui,zipping rain shine rain part nature beauty,00:02:53,20.9073535,-156.2291851,True
2018-05-07,63664352.0,KalenaLangford,super love two happy mine ğŸ’™ kailua kona hawai,03:20:04,19.65,-155.994,True
2018-05-01,19182456.0,Kane007,nothing better seeing home fires burning travaasa austin,06:30:14,20.75420981,-155.98707119999997,True
2018-05-02,362739542.0,Koondolphia,my last brain cell trying survive finals the,00:40:17,19.99806,-155.81602,True
2018-05-04,182413580.0,KwinMosby,hard believe years ago i staring bubbling mouth kilauea,13:18:44,19.39923,-155.287,True
2018-05-20,302206097.0,LithiaJobs,see latest kahului hi job click apply service technician pzbscntam automo,23:03:40,20.8901116,-156.4614301,True
2018-05-09,17478560.0,LukeEclipse,who inspired leave comment,08:56:19,19.72155086,-155.09616342,True
2018-05-09,8.001107202138726e+17,MNahidC,final observation night nasa irtf a little cloudy sunset forecast may improve night wea,05:34:29,19.8261359,-155.4722325,True
2018-05-06,50999894.0,Magphotoguy,the latest update kilauea volcano national park service,00:02:14,19.39923,-155.287,True
2018-05-07,268352653.0,MaliaInMotion,rain shine sunday mornings trails mauirunco ohana leave,04:17:43,20.83208576,-156.27532174,True
2018-05-08,89758588.0,MariahMkay,â™‹ ğŸ’™ ğŸ¦€ ğŸŒŠ maui hawaii cancer water watersign ocean beach,07:37:26,20.89963,-156.684853,True
2018-05-06,14466397.0,MauiBenjamin,ho â€™ okipa ft neast wind mph knots w gusts mph cloud,00:41:24,20.9332,-156.358,True
2018-05-01,14466397.0,MauiBenjamin,peahi jaws sunset waves rolling crashing birds chirping tranquil,04:32:24,20.9167,-156.283,True
2018-05-01,14466397.0,MauiBenjamin,haleakala crater tuesday outlook haleakala haleakalasunrise,17:40:47,20.9107,-156.376,True
2018-05-01,14466397.0,MauiBenjamin,haleakala crater outlook tuesday maalaea maalaea hawai,17:59:45,20.8093,-156.491,True
2018-05-07,2959148923.0,MauiGarrett,day home crossfit sesh crossfitupcountrymaui,19:00:55,20.87527778,-156.34222222,True
2018-05-08,347021304.0,MorganVicJo,leave nothing footprints ğŸ‘£ kill nothing time â˜€ ï¸ ğŸŒŠ explore,07:11:29,19.90911245,-155.89905314,True
2018-05-06,494811197.0,MugenIsTheName,this lava flow eruption looks like happening right so far i â€™ hearing two hous,04:22:00,19.67352918,-155.08122929,True
2018-05-09,2610966740.0,NJ_Surf_Fitness,anti gravity lightrays underwaterabyss ocean pacificocean water,11:48:05,20.68377868,-156.4417521,True
2018-05-07,2610966740.0,NJ_Surf_Fitness,throwback makaiadventures amazing tours keep maui,00:09:45,20.87209,-156.67885,True
2018-05-02,29814678.0,NateyG,hole mother god ğŸŒ‹ haleakala crater maui h,21:36:06,20.7148496,-156.250292,True
2018-05-02,44313098.0,Norblog,a farewell plate lunch grindz we going miss maui mahalo,08:03:16,20.88751,-156.45512,True
2018-05-23,109533300.0,Omeeoh,ã‚„ã£ã¨ç¾ã—ã„å¤•æ—¥ãŒã¿ã‚ŒãŸ ï¼ the canoe house kamuela hi dquurs,05:35:47,19.94731069,-155.86689669999998,True
2018-05-20,109533300.0,Omeeoh,ã‚³ãƒ¼ãƒ’ãƒ¼ç¾å‘³ã—ã‹ã£ãŸ â€¼ ï¸ ucc ueshima coffee hawaii kailua kona hi nfjuouab,21:26:30,19.64180366,-155.95270174,True
2018-05-21,109533300.0,Omeeoh,æ—¥æœ¬äººã®æ”¯é…äººãŒå¸°å›½ã™ã‚‹æ™‚ã«ã‚ã–ã‚ã–è³¼å…¥ã—ã¦æŒã£ã¦å¸°ã‚‹ã‚¯ãƒƒã‚­ãƒ¼ã ãã†ã§è³¼å…¥ã—ã¦ã¿ãŸ ã€‚ mrs barry kona cookies kailua kona hi qbhsokjj,21:43:44,19.68692595,-156.01961323,True
2018-05-03,54213464.0,PLUMEN,this house hawaii harvests energy uses enough also run,16:19:34,20.886881600000002,-156.4774079,True
2018-05-21,2861508283.0,Palms311,hawaiinewsnow what going kahului airport massive cloud black smoke appeared,20:56:50,20.89,-156.45,True
2018-05-01,73819469.0,PatootieLlaguno,i costco wholesale kailua kona h,23:45:07,19.68535701,-156.01660838,True
2018-05-22,73819469.0,PatootieLlaguno,i zippys hilo hilo h,22:27:27,19.696784,-155.064225,True
2018-05-22,73819469.0,PatootieLlaguno,i hilo hawaii h,22:27:20,19.71800398,-155.08512017,True
2018-05-04,494527016.0,Phawkinsphoto,anarho â€™ omalu bay aloha celebratealoha contest bigisland,00:58:11,19.9163848,-155.88579531,True
2018-05-06,7.675854017877238e+17,Poggenpohl_HI,g maui afternoon sunlight ğŸŒ gottling home store shops waile,05:37:00,20.68711,-156.4403,True
2018-05-07,7.675854017877238e+17,Poggenpohl_HI,checking amazing oceanfront maui condo designed several years,01:12:57,20.7591,-156.457,True
2018-05-04,53987002.0,Renan_Luan,visita em fevereiro ao vulcÃ£o kilauea havaÃ­ entrou em erupÃ§Ã£o hoje ğŸŒ‹,22:52:32,19.39923,-155.287,True
2018-04-29,374953981.0,SKIMHAWAII,some fun waves today skimboarding big beach makena victoriaskimboards sick session,23:07:15,20.6298218,-156.44382280000002,True
2018-04-30,374953981.0,SKIMHAWAII,keep country country scored three hours hardly soul gotta,23:59:20,20.8861,-156.675,True
2018-05-04,49376299.0,SMC_DC,took helicopter ride family see mauna loa kilauea everything,06:16:23,19.48333333,-155.6,True
2018-05-06,453303348.0,STthre3,spent time lava tube black sand,18:28:06,20.7858,-155.997,True
2018-05-03,453303348.0,STthre3,sitting watching volcano erupting easily,01:40:06,19.421097,-155.286762,True
2018-05-01,453303348.0,STthre3,breakfasttime sarahandjoeshawaiivacation kona,18:28:48,19.46013661,-155.89548255,True
2018-05-05,25161969.0,ShaneDoesLA,â€™ one showing water bending powers ğŸ’¦ ğŸ’¦ ğŸ’¦ kihei hawai,05:20:57,20.7591,-156.457,True
2018-05-03,471551273.0,Smmarsh402,waves ocean morningwalk maui fairmont kea lani mau,19:21:08,20.67582,-156.4417,True
2018-05-05,54222784.0,StephanieElam,i interviewing evacuee near leilaniestates ash started,22:47:29,19.4735,-154.92,True
2018-04-30,63228541.0,Stndfst,club house sandwich best myhippielife youtuber livelife foodie,22:56:35,20.97069,-156.678,True
2018-05-02,245484435.0,SumoRick,biif water polo match kealakehe hawaiiprep biif waterpolo highschool,12:53:47,19.6411729,-156.00315571,True
2018-05-01,376988725.0,TashaInaChurch,â€œ so wanna rock superstar and live large big house cars,08:26:53,20.93192952,-156.69246608,True
2018-05-06,2468489083.0,TiffanyChurchi2,hawaii sand ğŸ‘ ğŸ» ğŸ˜Š â˜€ ï¸ ğŸŒ´ ğŸ– beach sand maui hawaii nature photography,20:06:40,20.88333333,-156.65,True
2018-04-30,2468489083.0,TiffanyChurchi2,in maui hawaiiescape paradise paradise hawaii photography nature vacation maui,03:05:40,20.92854604,-156.69152371,True
2018-05-08,73549993.0,VeronicaLambHNL,i kicked back hilo airport bigisland standard snacks,00:23:47,19.7055,-155.086,True
2018-05-02,23564051.0,Vprincemusic,last night under palms ocean waves crashing children dancing,18:46:08,19.827920000000002,-155.99132,True
2018-05-03,178795356.0,WShello9,pretty terrible views hilo akaka falls state par,22:17:45,19.85416667,-155.1525,True
2018-05-03,2587789764.0,WorkWithSHC,we hiring read latest job opening travel emergency room registered nurse,21:19:07,20.2338889,-155.80194440000002,True
2018-05-08,116923047.0,YNVUCLOTHING,maui favorite urban store ynvuclothing mauimall ynvu,20:52:53,20.8907108,-156.4644165,True
2018-05-04,111794345.0,Zachonbass,maui happy heart â¤ ï¸ ğŸŒ´ ğŸ¤™ ğŸ¾ repost dianarudulph ãƒ» ãƒ» ãƒ» my soul home,08:04:41,20.68377868,-156.4417521,True
2018-04-30,411726143.0,ZeeWil,fins âœ… mask snorkel âœ… pink towel âœ… camera gear âœ… hr hike lava fields âœ… not getting,08:27:54,20.5983,-156.42,True
2018-05-05,16225679.0,Zippys,good morning everyone we given clear zippy â€™ hilo,16:34:26,19.696784,-155.064225,True
2018-05-08,9.673541531975598e+17,_krishnajindal,ğŸ˜± ğŸŒ‹ above one biggest active volcanoes hawaii sitting,18:02:04,19.64188,-155.99315,True
2018-05-03,7.34932561185538e+17,acityexplored,out office if need immediate help please contact,02:33:48,21.000808600000003,-156.6538499,True
2018-04-30,29159428.0,adagraha,monday mood moving newbeginnings gloomy foggy takemebacktomaui haleakala crater national,19:21:12,20.759085100000004,-156.28255149999998,True
2018-05-07,146108105.0,adunni66,be safe you â€™ thoughts bigisland hawaii kilauea waipio valle,15:55:18,20.1197,-155.593,True
2018-05-08,9.491287354998088e+17,aikudeesh,praying woody ğŸ˜“ ğŸ™ ğŸ¼ ğŸ™ ğŸ¼ ğŸ™ ğŸ¼ leilani hawaii kilauea,20:33:25,19.4735,-154.92,True
2018-05-02,465058182.0,allkinecrossfit,â€œ it us live legacy left us leave,05:23:35,20.90556,-156.48851000000002,True
2018-05-05,1347680600.0,alyssa_hamlet,kilauea erupting thought i share pic family trip,01:07:46,19.61838,-155.98554,True
2018-05-04,36807899.0,ambermaliah,mahalos crew updates safety takes us give lives,19:29:11,19.4735,-154.92,True
2018-05-08,352942068.0,athinamaeyor,respect land leave only footprints ğŸ‘£ ğŸŒº maui waterfall,23:53:15,20.91191351,-156.2431144,True
2018-05-05,2169748033.0,awardmagic,how â€™ your monday going keep dreaming diving next trip,03:14:54,20.68434638,-156.441257,True
2018-05-02,2169748033.0,awardmagic,the kilauea lavaflow going leilaniestates staysafe everyone,18:46:27,20.68762675,-156.44313433,True
2018-05-07,34841978.0,barthafeman,baby brother coming bench four seasons,15:10:14,20.8861,-156.675,True
2018-05-07,261098291.0,blongchang,eerie hilo hawai,14:19:46,19.66058,-155.12304,True
2018-05-08,29776821.0,brigittybridge,i ktasuperstores kailua kona h,01:26:39,19.294793,-155.097679,True
2018-04-30,63339798.0,campelloricardo,hawaiian times haleakala volcano ğŸŒ‹,19:29:02,20.76951362,-156.24264947,True
2018-05-04,1076812382.0,champagnemacs,exploring caves hana ğŸ¦€ ğŸ¦ ğŸ  ğŸŸ ğŸŒŠ maui hawaii hana lava tub,12:23:15,20.8275,-156.922,True
2018-05-05,16726970.0,christinalowery,back konatown ğŸŒ´ ğŸ˜ ğŸ’¯ kailua kona hawai,15:05:18,20.8861,-156.675,True
2018-05-03,1171055850.0,cvssies,glad hear girl safe volcano,20:24:18,20.886881600000002,-156.4774079,True
2018-05-08,320433145.0,d0md0m32,hilo hi united states space lab vol kxgqyqjnb,23:31:24,19.67141514,-155.09871499,True
2018-05-24,203930370.0,dancedeets,live kilauea courtesy friend lisa hawaiian island,13:15:04,19.7078583,-155.06383190000003,True
2018-05-03,483585760.0,deelacevic,excellent company great food amazing,03:11:47,20.79246255,-156.51235446,True
2018-05-23,788327654.0,deltabrewing,pu â€™ u o â€™ showing red beauty crater floor collapsed puna nature,06:07:16,20.7323,-156.452,True
2018-05-08,156789595.0,devshmev,los angeles las vegas coming together tonight violins house music,03:49:28,19.5325813,-154.91075130000002,True
2018-05-25,122709351.0,dnimind,i macy men children home kahului h,01:05:29,20.8868145,-156.47500182,True
2018-05-01,552414374.0,drepheonix,looking mauna kea i mauna loa earthquake rattled,14:34:45,19.64188,-155.99315,True
2018-05-07,1075448558.0,emmgrace2,ã€ ml ã€‘ island of hawaii hawaii depth km may utc g lvxmcoipf ems,18:42:44,19.64188,-155.99315,True
2018-05-25,1144740888.0,eq_map_ww2,ã€ ml ã€‘ island of hawaii hawaii depth km may utc g gxvnnqeuz ems,04:07:47,19.41,-155.29,True
2018-05-09,1144740888.0,eq_map_ww2,ã€ ml ã€‘ island of hawaii hawaii depth km may utc g azjjyranae ems,09:03:16,19.4,-155.27,True
2018-05-08,1144740888.0,eq_map_ww2,ã€ ml ã€‘ island of hawaii hawaii depth km may utc g utkgiyty ems,10:53:16,19.43,-155.26,True
2018-05-05,1144740888.0,eq_map_ww2,ã€ ml ã€‘ island of hawaii hawaii depth km may utc g pllnibnyq ems,05:33:35,19.21,-155.37,True
2018-05-01,1144740888.0,eq_map_ww2,ã€ ml ã€‘ island of hawaii hawaii depth km may utc g tdjeotnqq ems,07:42:41,19.39,-155.0,True
2018-05-25,1144740888.0,eq_map_ww2,ã€ ml ã€‘ island of hawaii hawaii depth km may utc g mqdsokfkr ems,12:20:54,19.43,-155.25,True
2018-05-28,1144740888.0,eq_map_ww2,ã€ ml ã€‘ island of hawaii hawaii depth km may utc g oogtpstf ems,09:42:39,19.41,-155.29,True
2018-05-25,1144740888.0,eq_map_ww2,ã€ ml ã€‘ island of hawaii hawaii depth km may utc g pkyoflgda ems,17:47:54,19.42,-155.28,True
2018-05-28,1144740888.0,eq_map_ww2,ã€ ml ã€‘ island of hawaii hawaii depth km may utc g rnqyoawv ems,02:34:36,19.4,-155.29,True
2018-05-27,1144740888.0,eq_map_ww2,ã€ ml ã€‘ island of hawaii hawaii depth km may utc g ydbrci ems,18:43:15,19.4,-155.29,True
2018-05-24,1144740888.0,eq_map_ww2,ã€ ml ã€‘ island of hawaii hawaii depth km may utc g nbapcehuz ems,22:30:14,19.41,-155.27,True
2018-05-28,1144740888.0,eq_map_ww2,ã€ ml ã€‘ island of hawaii hawaii depth km may utc g rrnpggtxf ems,14:51:39,19.4,-155.29,True
2018-05-05,1144740888.0,eq_map_ww2,ã€ ml ã€‘ island of hawaii hawaii depth km may utc g zalwepwv ems,17:12:57,19.07,-155.17,True
2018-05-28,1144740888.0,eq_map_ww2,ã€ ml ã€‘ island of hawaii hawaii depth km may utc g wkgukv ems,16:43:21,19.41,-155.28,True
2018-05-25,1144740888.0,eq_map_ww2,ã€ ml ã€‘ island of hawaii hawaii depth km may utc g ffzjxy ems,22:55:14,19.42,-155.28,True
2018-05-08,1144740888.0,eq_map_ww2,ã€ ml ã€‘ island of hawaii hawaii depth km may utc g asegfej ems,12:27:56,19.03,-155.24,True
2018-05-25,1144740888.0,eq_map_ww2,ã€ ml ã€‘ island of hawaii hawaii depth km may utc g jkllnxqkvk ems,20:28:34,19.4,-155.27,True
2018-05-28,1144740888.0,eq_map_ww2,ã€ ml ã€‘ hawaii region hawaii depth km may utc g oekyhpburn ems,11:13:59,19.39,-155.28,True
2018-05-01,1144740888.0,eq_map_ww2,ã€ ml ã€‘ island of hawaii hawaii depth km may utc g seclsuk ems,13:19:14,19.33,-154.98,True
2018-05-26,1144740888.0,eq_map_ww2,ã€ ml ã€‘ island of hawaii hawaii depth km may utc g seoowu ems,01:58:15,19.38,-155.25,True
2018-05-27,1144740888.0,eq_map_ww2,ã€ ml ã€‘ island of hawaii hawaii depth km may utc g dpsttuhw ems,11:57:15,19.37,-155.26,True
2018-05-06,1144740888.0,eq_map_ww2,revised ã€ m ã€‘ island of hawaii hawaii depth km may utc g zuaarj ems,02:36:16,19.42,-155.31,True
2018-05-04,1144740888.0,eq_map_ww2,revised ã€ mw ã€‘ island of hawaii hawaii depth km may utc g omukpyfl ems,22:43:56,19.42,-155.36,True
2018-05-04,1144740888.0,eq_map_ww2,ã€ ml ã€‘ island of hawaii hawaii depth km may utc g mkxgdyam ems,22:45:16,19.39,-155.41,True
2018-05-05,1144740888.0,eq_map_ww2,ã€ ml ã€‘ island of hawaii hawaii depth km may utc g gfqksfhs ems,18:57:16,19.34,-155.13,True
2018-05-25,1144740888.0,eq_map_ww2,ã€ ml ã€‘ hawaii region hawaii depth km may utc g sacmqpn ems,22:53:55,19.43,-155.27,True
2018-05-03,1144740888.0,eq_map_ww2,ã€ ml ã€‘ island of hawaii hawaii depth km may utc g jphgyjfb ems,03:41:51,19.45,-154.88,True
2018-05-25,1144740888.0,eq_map_ww2,ã€ ml ã€‘ island of hawaii hawaii depth km may utc g iovmqkmad ems,00:21:47,19.41,-155.29,True
2018-05-08,1144740888.0,eq_map_ww2,ã€ ml ã€‘ island of hawaii hawaii depth km may utc g cjxlyp ems,01:08:37,19.36,-155.03,True
2018-05-06,1144740888.0,eq_map_ww2,ã€ ml ã€‘ hawaii region hawaii depth km may utc g luycdvqp ems,01:21:56,19.37,-155.03,True
2018-05-02,1144740888.0,eq_map_ww2,ã€ md ã€‘ island of hawaii hawaii depth km may utc g ejxhorres ems,23:35:14,19.44,-154.86,True
2018-05-25,1144740888.0,eq_map_ww2,ã€ md ã€‘ island of hawaii hawaii depth km may utc g xtuzrxpy ems,19:32:54,19.4,-155.28,True
2018-05-08,1144740888.0,eq_map_ww2,ã€ ml ã€‘ island of hawaii hawaii depth km may utc g yetqlz ems,18:34:57,19.04,-155.22,True
2018-05-25,1144740888.0,eq_map_ww2,ã€ ml ã€‘ island of hawaii hawaii depth km may utc g rxueiyitj ems,18:26:14,19.41,-155.29,True
2018-05-05,1144740888.0,eq_map_ww2,ã€ ml ã€‘ island of hawaii hawaii depth km may utc g zctztbbt ems,05:21:35,19.34,-155.01,True
2018-05-04,1144740888.0,eq_map_ww2,ã€ ml ã€‘ island of hawaii hawaii depth km may utc g aureyvrfo ems,22:46:35,19.39,-155.26,True
2018-05-25,1144740888.0,eq_map_ww2,ã€ ml ã€‘ island of hawaii hawaii depth km may utc g wxyjtzcaf ems,01:12:27,19.41,-155.29,True
2018-05-03,1144740888.0,eq_map_ww2,ã€ ml ã€‘ island of hawaii hawaii depth km may utc g ajpjasrvv ems,20:37:12,19.36,-155.1,True
2018-05-06,1144740888.0,eq_map_ww2,ã€ ml ã€‘ island of hawaii hawaii depth km may utc g nvfvnycdcz ems,04:47:38,19.43,-155.24,True
2018-05-25,1144740888.0,eq_map_ww2,ã€ ml ã€‘ island of hawaii hawaii depth km may utc g qovxizyla ems,23:09:34,19.34,-155.28,True
2018-05-05,1144740888.0,eq_map_ww2,ã€ ml ã€‘ island of hawaii hawaii depth km may utc g gkgjnjro ems,06:17:15,19.4,-155.07,True
2018-05-05,1144740888.0,eq_map_ww2,ã€ ml ã€‘ island of hawaii hawaii depth km may utc g oghhtdxv ems,05:18:55,19.32,-155.26,True
2018-05-01,1144740888.0,eq_map_ww2,ã€ ml ã€‘ island of hawaii hawaii depth km may utc g olxtjcnyls ems,05:55:42,19.36,-155.05,True
2018-05-06,1144740888.0,eq_map_ww2,ã€ ml ã€‘ island of hawaii hawaii depth km may utc g gwqgtodone ems,06:16:57,19.17,-155.25,True
2018-05-05,1144740888.0,eq_map_ww2,ã€ ml ã€‘ island of hawaii hawaii depth km may utc g xbpqk ems,09:52:56,19.05,-155.19,True
2018-05-04,1144740888.0,eq_map_ww2,ã€ ml ã€‘ island of hawaii hawaii depth km may utc g fihydfsn ems,21:50:36,19.37,-155.02,True
2018-05-25,1144740888.0,eq_map_ww2,ã€ ml ã€‘ island of hawaii hawaii depth km may utc g bienmeaou ems,00:48:27,19.4,-155.27,True
2018-05-27,1144740888.0,eq_map_ww2,ã€ ml ã€‘ island of hawaii hawaii depth km may utc g zwmaqvvvrk ems,21:13:36,19.46,-155.35,True
2018-05-28,1144740888.0,eq_map_ww2,ã€ ml ã€‘ island of hawaii hawaii depth km may utc g rmpfqst ems,16:40:39,19.41,-155.29,True
2018-05-28,1144740888.0,eq_map_ww2,ã€ ml ã€‘ island of hawaii hawaii depth km may utc g vxqxndklwu ems,12:35:59,19.4,-155.3,True
2018-05-28,1144740888.0,eq_map_ww2,ã€ ml ã€‘ island of hawaii hawaii depth km may utc g axrxtgpuzg ems,19:12:39,19.41,-155.29,True
2018-05-08,1144740888.0,eq_map_ww2,ã€ ml ã€‘ island of hawaii hawaii depth km may utc g ajtamjfsfg ems,00:44:37,19.41,-155.28,True
2018-05-28,1144740888.0,eq_map_ww2,ã€ ml ã€‘ island of hawaii hawaii depth km may utc g cddfnptn ems,16:47:19,19.41,-155.29,True
2018-05-25,1144740888.0,eq_map_ww2,ã€ ml ã€‘ island of hawaii hawaii depth km may utc g mvlzawnm ems,18:11:35,19.41,-155.28,True
2018-05-28,1144740888.0,eq_map_ww2,ã€ ml ã€‘ hawaii region hawaii depth km may utc g qlltzgpqpw ems,07:59:15,19.36,-155.27,True
2018-05-05,1144740888.0,eq_map_ww2,ã€ ml ã€‘ hawaii region hawaii depth km may utc g pbsgjejsxn ems,08:02:15,19.28,-154.74,True
2018-05-04,1144740888.0,eq_map_ww2,ã€ md ã€‘ island of hawaii hawaii depth km may utc g wevofquris ems,21:57:56,19.3,-154.94,True
2018-05-27,1144740888.0,eq_map_ww2,ã€ ml ã€‘ island of hawaii hawaii depth km may utc g yaitsjdv ems,18:36:35,19.4,-155.29,True
2018-05-27,1144740888.0,eq_map_ww2,ã€ ml ã€‘ island of hawaii hawaii depth km may utc g gdyydwtyi ems,22:39:55,19.4,-155.28,True
2018-05-25,1144740888.0,eq_map_ww2,ã€ md ã€‘ island of hawaii hawaii depth km may utc g bzdxstfk ems,21:11:15,19.41,-155.27,True
2018-05-28,1144740888.0,eq_map_ww2,ã€ md ã€‘ island of hawaii hawaii depth km may utc g hsvvpwkq ems,16:24:39,19.4,-155.29,True
2018-05-28,1144740888.0,eq_map_ww2,ã€ md ã€‘ island of hawaii hawaii depth km may utc g cjnuyplb ems,12:41:23,19.42,-155.28,True
2018-05-25,1144740888.0,eq_map_ww2,ã€ ml ã€‘ island of hawaii hawaii depth km may utc g eiqtvoy ems,16:39:55,19.4,-155.27,True
2018-05-27,1144740888.0,eq_map_ww2,ã€ ml ã€‘ island of hawaii hawaii depth km may utc g entwfcbs ems,22:46:34,19.41,-155.29,True
2018-05-25,1144740888.0,eq_map_ww2,ã€ md ã€‘ island of hawaii hawaii depth km may utc g xxxrwrabq ems,00:11:07,19.4,-155.26,True
2018-05-27,1144740888.0,eq_map_ww2,ã€ md ã€‘ island of hawaii hawaii depth km may utc g qmncocs ems,16:43:35,19.41,-155.29,True
2018-05-04,1144740888.0,eq_map_ww2,ã€ ml ã€‘ hawaii region hawaii depth km may utc g utxqmtm ems,08:03:35,19.41,-155.28,True
2018-05-05,1144740888.0,eq_map_ww2,ã€ md ã€‘ island of hawaii hawaii depth km may utc g vkourgss ems,17:14:16,19.22,-154.9,True
2018-05-01,1144740888.0,eq_map_ww2,ã€ md ã€‘ island of hawaii hawaii depth km may utc g xfyhkpopx ems,08:06:43,19.38,-155.08,True
2018-05-28,1144740888.0,eq_map_ww2,ã€ md ã€‘ hawaii region hawaii depth km may utc g czmwjcsw ems,12:36:00,19.38,-155.3,True
2018-05-26,1144740888.0,eq_map_ww2,ã€ md ã€‘ island of hawaii hawaii depth km may utc g adlxvfebd ems,02:17:55,19.41,-154.96,True
2018-05-25,1144740888.0,eq_map_ww2,ã€ md ã€‘ island of hawaii hawaii depth km may utc g uuyztw ems,22:29:55,19.41,-155.27,True
2018-05-05,1144740888.0,eq_map_ww2,ã€ ml ã€‘ island of hawaii hawaii depth km may utc g qhzawh ems,09:31:36,19.21,-155.35,True
2018-05-05,1144740888.0,eq_map_ww2,ã€ md ã€‘ hawaii region hawaii depth km may utc g asrvgifsw ems,18:34:35,19.4,-155.25,True
2018-05-02,1144740888.0,eq_map_ww2,ã€ ml ã€‘ island of hawaii hawaii depth km may utc g ucpnvpcfux ems,09:35:54,19.31,-154.91,True
2018-05-04,1144740888.0,eq_map_ww2,ã€ ml ã€‘ hawaii region hawaii depth km may utc g yxmvmzfs ems,21:39:16,19.34,-155.03,True
2018-05-02,1144740888.0,eq_map_ww2,ã€ ml ã€‘ island of hawaii hawaii depth km may utc g ufkhiuhr ems,06:54:34,19.32,-154.92,True
2018-05-04,1144740888.0,eq_map_ww2,ã€ ml ã€‘ hawaii region hawaii depth km may utc g hbyoemwu ems,22:54:36,19.25,-155.21,True
2018-05-01,1144740888.0,eq_map_ww2,ã€ ml ã€‘ island of hawaii hawaii depth km may utc g fpwgrf ems,12:44:54,19.36,-154.99,True
2018-05-26,1144740888.0,eq_map_ww2,ã€ ml ã€‘ island of hawaii hawaii depth km may utc g lsotqqwkx ems,14:27:16,19.31,-155.21,True
2018-05-09,1144740888.0,eq_map_ww2,ã€ ml ã€‘ hawaii region hawaii depth km may utc g ihpppenr ems,07:47:16,19.4,-155.28,True
2018-05-04,1144740888.0,eq_map_ww2,ã€ ml ã€‘ island of hawaii hawaii depth km may utc g yvafbhrdf ems,21:47:56,19.32,-154.95,True
2018-05-05,1144740888.0,eq_map_ww2,ã€ ml ã€‘ island of hawaii hawaii depth km may utc g wxhmijv ems,11:10:16,19.35,-155.1,True
2018-05-28,1144740888.0,eq_map_ww2,ã€ ml ã€‘ island of hawaii hawaii depth km may utc g ozckyaysa ems,19:10:00,19.41,-155.29,True
2018-05-28,1144740888.0,eq_map_ww2,ã€ ml ã€‘ island of hawaii hawaii depth km may utc g mroqatmh ems,13:29:20,19.4,-155.29,True
2018-05-07,1144740888.0,eq_map_ww2,ã€ ml ã€‘ island of hawaii hawaii depth km may utc g xyqcmqfof ems,05:57:36,19.35,-155.27,True
2018-05-28,1144740888.0,eq_map_ww2,ã€ ml ã€‘ island of hawaii hawaii depth km may utc g yhicqctbfp ems,06:27:56,19.4,-155.3,True
2018-05-05,1144740888.0,eq_map_ww2,ã€ ml ã€‘ hawaii region hawaii depth km may utc g myhnjbxn ems,10:12:55,19.05,-155.2,True
2018-05-25,1144740888.0,eq_map_ww2,ã€ ml ã€‘ island of hawaii hawaii depth km may utc g uwkmalhja ems,10:47:54,19.42,-154.97,True
2018-05-07,1144740888.0,eq_map_ww2,ã€ ml ã€‘ island of hawaii hawaii depth km may utc g mvvrsuxub ems,06:09:37,19.38,-155.25,True
2018-05-06,1144740888.0,eq_map_ww2,ã€ ml ã€‘ island of hawaii hawaii depth km may utc g gclpedlk ems,02:12:36,19.43,-155.23,True
2018-05-25,1144740888.0,eq_map_ww2,ã€ ml ã€‘ island of hawaii hawaii depth km may utc g nfrmjdwq ems,23:01:55,19.41,-155.28,True
2018-05-25,1144740888.0,eq_map_ww2,ã€ ml ã€‘ island of hawaii hawaii depth km may utc g wpfpgikjin ems,22:37:55,19.41,-155.28,True
2018-05-28,1144740888.0,eq_map_ww2,ã€ ml ã€‘ island of hawaii hawaii depth km may utc g gwrbxig ems,14:40:00,19.41,-155.28,True
2018-05-04,1144740888.0,eq_map_ww2,ã€ ml ã€‘ island of hawaii hawaii depth km may utc g gmdskr ems,21:44:36,19.36,-155.02,True
2018-05-06,1144740888.0,eq_map_ww2,ã€ ml ã€‘ island of hawaii hawaii depth km may utc g simpuhozw ems,18:35:56,19.36,-155.03,True
2018-05-06,1144740888.0,eq_map_ww2,ã€ ml ã€‘ hawaii region hawaii depth km may utc g faizoylmiw ems,13:32:36,19.04,-155.17,True
2018-05-03,1144740888.0,eq_map_ww2,ã€ ml ã€‘ hawaii region hawaii depth km may utc g waxgub ems,04:32:31,19.45,-154.81,True
2018-05-02,1144740888.0,eq_map_ww2,ã€ ml ã€‘ island of hawaii hawaii depth km may utc g qyhyqsau ems,05:41:23,19.45,-154.88,True
2018-05-07,1144740888.0,eq_map_ww2,ã€ ml ã€‘ island of hawaii hawaii depth km may utc g woevfnqx ems,10:14:16,19.24,-155.34,True
2018-05-25,1144740888.0,eq_map_ww2,ã€ md ã€‘ island of hawaii hawaii depth km may utc g bktapjpzc ems,15:54:35,19.41,-155.27,True
2018-05-24,1144740888.0,eq_map_ww2,ã€ ml ã€‘ island of hawaii hawaii depth km may utc g nvxby ems,18:14:27,19.39,-155.26,True
2018-05-04,1144740888.0,eq_map_ww2,ã€ ml ã€‘ island of hawaii hawaii depth km may utc g mhsueygdsj ems,22:43:57,19.27,-155.23,True
2018-05-01,1144740888.0,eq_map_ww2,ã€ mb ã€‘ island of hawaii hawaii depth km may utc g xsfmnav ems,09:48:34,19.39,-155.11,True
2018-05-06,1144740888.0,eq_map_ww2,ã€ ml ã€‘ hawaii region hawaii depth km may utc g mnrqckwyt ems,06:16:56,19.52,-155.01,True
2018-05-07,1144740888.0,eq_map_ww2,ã€ md ã€‘ island of hawaii hawaii depth km may utc g fnhudvvnhl ems,08:35:36,19.44,-154.97,True
2018-05-25,1144740888.0,eq_map_ww2,ã€ ml ã€‘ island of hawaii hawaii depth km may utc g tlxktilt ems,18:47:35,19.43,-155.29,True
2018-05-25,1144740888.0,eq_map_ww2,ã€ ml ã€‘ island of hawaii hawaii depth km may utc g zgtpaiwrvr ems,03:18:47,19.41,-155.27,True
2018-05-28,1144740888.0,eq_map_ww2,ã€ ml ã€‘ hawaii region hawaii depth km may utc g wikqhlud ems,08:47:35,19.4,-155.29,True
2018-05-01,1144740888.0,eq_map_ww2,ã€ ml ã€‘ island of hawaii hawaii depth km may utc g lvdhtdjftj ems,22:14:13,19.34,-154.97,True
2018-05-25,1144740888.0,eq_map_ww2,ã€ ml ã€‘ island of hawaii hawaii depth km may utc g cibheocvuu ems,18:36:54,19.41,-155.29,True
2018-05-08,1144740888.0,eq_map_ww2,ã€ ml ã€‘ island of hawaii hawaii depth km may utc g iraln ems,10:46:37,19.39,-155.26,True
2018-05-08,1144740888.0,eq_map_ww2,ã€ ml ã€‘ island of hawaii hawaii depth km may utc g yartlm ems,06:54:18,19.35,-155.27,True
2018-05-26,1144740888.0,eq_map_ww2,ã€ ml ã€‘ island of hawaii hawaii depth km may utc g mxudocwbru ems,00:13:15,19.43,-155.27,True
2018-05-28,1144740888.0,eq_map_ww2,ã€ ml ã€‘ island of hawaii hawaii depth km may utc g nfwazmx ems,07:20:55,19.39,-155.28,True
2018-05-26,1144740888.0,eq_map_ww2,ã€ ml ã€‘ island of hawaii hawaii depth km may utc g ixrymlpb ems,02:32:35,19.41,-155.29,True
2018-05-06,1144740888.0,eq_map_ww2,ã€ md ã€‘ island of hawaii hawaii depth km may utc g htqzbqog ems,00:19:35,19.05,-155.03,True
2018-05-02,1144740888.0,eq_map_ww2,ã€ ml ã€‘ hawaii region hawaii depth km may utc g rgtiszmt ems,04:04:14,19.29,-155.08,True
2018-05-05,1144740888.0,eq_map_ww2,ã€ ml ã€‘ hawaii region hawaii depth km may utc g zksvuhj ems,03:07:56,19.29,-154.91,True
2018-05-08,1144740888.0,eq_map_ww2,ã€ ml ã€‘ island of hawaii hawaii depth km may utc g adetjewdh ems,05:10:18,19.35,-154.92,True
2018-05-28,1144740888.0,eq_map_ww2,ã€ ml ã€‘ island of hawaii hawaii depth km may utc g omwmxsrvil ems,12:41:21,19.39,-155.27,True
2018-05-25,1144740888.0,eq_map_ww2,ã€ ml ã€‘ island of hawaii hawaii depth km may utc g rrfjsdox ems,14:14:14,19.37,-155.25,True
2018-05-28,1144740888.0,eq_map_ww2,ã€ ml ã€‘ island of hawaii hawaii depth km may utc g cirbfkotq ems,07:28:55,19.4,-155.28,True
2018-05-26,1144740888.0,eq_map_ww2,ã€ ml ã€‘ island of hawaii hawaii depth km may utc g utgchaql ems,01:30:34,19.4,-155.28,True
2018-05-28,1144740888.0,eq_map_ww2,ã€ md ã€‘ island of hawaii hawaii depth km may utc g nxgvienu ems,03:58:35,19.4,-155.28,True
2018-05-25,1144740888.0,eq_map_ww2,ã€ ml ã€‘ island of hawaii hawaii depth km may utc g gaeccmnvr ems,20:35:15,19.4,-155.27,True
2018-05-28,1144740888.0,eq_map_ww2,ã€ ml ã€‘ island of hawaii hawaii depth km may utc g exuconuc ems,20:31:19,19.41,-155.27,True
2018-05-26,1144740888.0,eq_map_ww2,ã€ ml ã€‘ island of hawaii hawaii depth km may utc g qflzpjnfp ems,00:10:34,19.4,-155.27,True
2018-05-26,1144740888.0,eq_map_ww2,ã€ ml ã€‘ island of hawaii hawaii depth km may utc g cgwsszycni ems,01:21:15,19.41,-155.27,True
2018-05-25,1144740888.0,eq_map_ww2,ã€ ml ã€‘ island of hawaii hawaii depth km may utc g qgfwfvbv ems,01:08:27,19.4,-155.27,True
2018-05-06,1144740888.0,eq_map_ww2,ã€ ml ã€‘ island of hawaii hawaii depth km may utc g qyzfkgkpa ems,15:45:17,19.19,-155.44,True
2018-05-25,1144740888.0,eq_map_ww2,ã€ ml ã€‘ island of hawaii hawaii depth km may utc g ikcpjfoiw ems,23:22:54,19.43,-155.27,True
2018-05-06,15878114.0,erikblair,i lava lava beach club kamuela h,06:28:34,20.888479999999998,-156.50215,True
2018-05-24,242797446.0,erivaldoff,my favorite breakfast place kona hawaiian style cafe waimea style hawaii waimea hi,01:56:54,20.88172105,-156.43705165,True
2018-05-02,259371827.0,exoticbeauty808,lost island still smile cause,21:06:38,20.94935632,-156.68923269,True
2018-04-29,586114547.0,faithanne65,crazy video lava flow today middle housing area big,23:45:56,19.73888889,-156.04555556,True
2018-05-06,967004425.0,funkman24,drinking big swell ipa mauibrewingco mama fish house â€” fru,03:53:48,20.7169,-156.446,True
2018-05-05,967004425.0,funkman24,this cloud cover brings amazing light maui,03:36:35,20.7169,-156.446,True
2018-05-09,249924919.0,hall476,a lazy afternoon hawaii bigisland fairmontorchid hall fairmont,05:46:19,19.471389000000002,-155.90805600000002,True
2018-05-05,117628805.0,hannerJ,i aloha mixed plate lahaina h,21:00:50,20.91954764,-156.6956179,True
2018-05-02,3062471293.0,haradas004,so triathlon coach paulransomept got fit kona months can,03:37:53,20.2269,-155.768,True
2018-05-02,66308941.0,heatherfellnews,throwback days prior â€œ a â€ race kona last year right,17:32:54,19.65,-155.994,True
2018-05-06,247994343.0,huenot,how cool patch nature fridaynight mauisugarcanefields west,20:20:52,20.8808,-156.545,True
2018-05-02,112749117.0,hulagirlyoko,goddess rising â¤ ï¸ honour respect goddess pele rising,01:55:19,20.89288363,-156.48619694,True
2018-05-07,81869902.0,itsmejehn,hibiscus flower flowers nature colors colours,21:57:54,20.8775,-156.519,True
2018-05-02,742726076.0,jasonizumiKona,hazyhorizon seaview honalo rightnow volcano eruption nofilter,19:22:43,19.5593,-155.93,True
2018-05-25,15134332.0,jduman,watchin â€™ nature crazy blow hole hi xovfwrtl,01:45:47,20.93510465,-156.35554191,True
2018-05-05,153900597.0,jeffpayton,you never go wrong mama â€™ fish house â€™ lit maui,22:46:51,20.70470847,-156.44657505,True
2018-05-09,15318615.0,jhaubein,friends sunsets hula dancers old lahaina lua,04:38:47,20.786189999999998,-156.00643,True
2018-05-07,23034696.0,jodosrice,shooting little b roll capturing sound waves rolling,03:15:40,20.9559,-156.686,True
2018-05-04,23505073.0,joeyavilahouse,got briefly serve red cross eruption shelter today here,11:42:02,20.87614,-156.68018999999998,True
2018-05-07,18905931.0,jondavisphoto,it â€™ stormy day waves amazing watch,00:36:37,20.6217,-156.441,True
2018-05-07,109151794.0,joshbarut,good brew good talks great friend gideon konabrewingco amp brewpub kailua kona hi,15:48:01,20.6540706,-156.44116353,True
2018-05-24,14087803.0,jozimo,work beans the coffee lounge kailua kona hi,03:26:59,19.64294017,-155.9975679,True
2018-05-24,14087803.0,jozimo,early morning coffeeeeeee earlier today kona coffee amp tea kailua kona hi,01:52:45,19.63747131,-155.98943380000003,True
2018-05-03,64603090.0,judybujold,tbt tour kilauea last november our,20:41:20,20.9949,-156.66634,True
2018-05-04,243944159.0,julieziebart,some may heard last week hawaii kilauea volcano,06:47:04,19.61838,-155.98554,True
2018-05-07,125356347.0,katarinaofdnile,two open house today â € â € â € ğŸ“ polo beach club beautiful direct beachfront,18:12:47,20.9967,-156.653,True
2018-05-04,9.277316749216316e+17,katiesellsmaui,a little luau treat walk night ğŸ˜ ğŸŒº ğŸŒˆ te au moana lua,18:07:56,20.69,-156.43889,True
2018-04-30,155770060.0,katymoco,ãƒãƒ¯ã‚¤å³¶ã¸ä¸Šé™¸æ—¥æœ¬äººã¾ã£ãŸããŠã‚‰ãš Â´ ãƒ» Ï‰ ãƒ» ã‚³ãƒŠå›½éš›ç©ºæ¸¯ kailua kona hi ccaguwuj,00:11:20,20.88333333,-156.65,True
2018-05-23,100013457.0,keefir1203,till meet kona international airpor,00:21:38,19.923984,-155.88748700000002,True
2018-05-08,40386028.0,konacoffeetea,we visited volcano last thursday erupted yesterday causing,02:22:40,19.6448453,-155.9955216,True
2018-05-05,303458441.0,ktstene,oldestenergynewestcreation quick huaka â€™ lua pele last night,03:36:32,20.077462,-155.463154,True
2018-05-07,1488997081.0,kvstravel,buchandermann blend kona coffee available wherever low carb treats,23:39:22,20.68377868,-156.4417521,True
2018-05-01,21800307.0,kyle_michael_b,just hanging tÅ«tÅ« pele goddess earth fire ğŸ”¥ ğŸŒ‹ kÄ«laue,03:35:06,21.02888889,-156.58888889,True
2018-05-02,21800307.0,kyle_michael_b,praying safety residents around kÄ«lauea ğŸ™ ğŸ» be safe hawai,02:17:45,20.76951362,-156.24264947,True
2018-05-08,135421840.0,lilarianaf,ğŸš— ğŸŒ´ kailua kona hawai,18:32:07,20.68377868,-156.4417521,True
2018-04-30,63840367.0,lisaazinck,i â€™ glad family safe big island ğŸ”¥ ğŸŒ‹ mother nature force,20:33:58,20.68711,-156.4403,True
2018-05-05,34571411.0,masota0517,for pele â€™ sake somebody â€™ saved droid ğŸ™ ğŸ¤– ğŸŒ‹,22:31:01,20.68434638,-156.441257,True
2018-05-04,7.298760463889859e+17,mauiconcierges,open house today makena surf c makena alanui rd maui,03:42:24,20.72189848,-155.9855602,True
2018-05-21,14236288.0,mdusing,new series food mysoul starting,03:37:19,20.7494,-156.438,True
2018-05-06,23176062.0,melabula,just posted photo hilo burger join,19:32:17,19.66960077,-155.10758847,True
2018-05-01,23176062.0,melabula,insanely happy back four seasons resort hualalai historic ka upulehu kailua kona hi,18:51:46,19.7055,-155.086,True
2018-05-22,122326914.0,melp_4,food goals nomoresausage breakfast kaanapali hawai,00:59:18,19.82775177,-155.99181923,True
2018-05-25,763645296.0,miss_sound,blessed able help others island one ladies church,09:26:26,19.5755022,-154.9625105,True
2018-04-30,34121751.0,nattikinz,still far away us hope stops soon pahoa lava,06:48:14,20.9348,-156.679,True
2018-05-08,21823971.0,nellielaan,crater smoke distance vent causing trouble area,23:03:02,19.500999999999998,-154.953,True
2018-05-04,28159210.0,oddmanout75,tips i give people i â€™ talked help generate sales stay,23:56:27,19.7055,-155.086,True
2018-05-02,18195374.0,pagejeter,decent day discovery ğŸ¹ ğŸ¹ maui hawaii foodie dinner volcano travel,17:38:34,20.9997,-156.554,True
2018-05-03,18195374.0,pagejeter,caving ğŸŒ´ maui blacksandbeach cave hawaii explore nature outdoors,23:34:11,20.7522,-155.982,True
2018-05-03,18195374.0,pagejeter,real life maui hawaii travel sunset dinner the mill house mau,03:53:36,20.786189999999998,-156.00643,True
2018-05-01,18195374.0,pagejeter,when clouds drift amp volcano suddenly reveals beachside â›° â›… maui,21:45:33,20.84899058,-156.50721138,True
2018-05-05,18195374.0,pagejeter,coastline hike kapalua ğŸŒŠ maui hawaii hike nature outdoors beauty,03:33:41,20.99794,-156.66683999999998,True
2018-05-05,18195374.0,pagejeter,baby pineapple ğŸ maui hawaii pineapple nature pink hana hanafarms,19:38:19,20.99794,-156.66683999999998,True
2018-05-02,18195374.0,pagejeter,dinner view volcano specific ğŸŒ‹ maui dinner sunset,18:08:37,20.90656,-156.24313999999998,True
2018-05-02,18195374.0,pagejeter,exploring twin falls maui graffiti twinfalls stream hawaii nature hike,22:58:46,20.86865406,-156.46881417,True
2018-05-02,18195374.0,pagejeter,loved vintage hawaii experience mama fish house ğŸŒº maui hawaii,21:47:41,20.90656,-156.24313999999998,True
2018-05-05,18195374.0,pagejeter,beach lava ğŸŒŠ maui blacksandbeach hawaii ocean roadtohana nature,01:07:15,20.92915584,-156.36718517,True
2018-05-04,18195374.0,pagejeter,black amp blue ğŸŒŠ maui hawaii island beach lava rock water nature,23:49:39,20.91392738,-156.39298457,True
2018-05-01,1122513150.0,phreekofnaychur,the current volcanic activity big island hawai â€™ got,22:22:35,21.000808600000003,-156.6538499,True
2018-05-02,8.233992608130703e+17,ragene0224,spam at mcdonalds life good mcdonald kailua kona hi qzlzst,07:29:39,20.9348,-156.679,True
2018-05-04,19845851.0,rebekahkfahey,acai bowl almond butter iced kona coffee salted caramel,18:55:20,19.39923,-155.287,True
2018-05-02,22686871.0,rhelbing,hawaii nature spiders spider magic gorgeous priceless animalkingdom,01:34:16,20.883689,-156.51315300000002,True
2018-05-01,373186896.0,richarddbzgt25,hiking beautiful nature natural trail adventure gayadventures gayboii,06:51:30,20.8775,-156.519,True
2018-05-01,373186896.0,richarddbzgt25,nature peace hawaii hawaiianairlines bestiesvacay vacation jungle,06:04:56,21.000808600000003,-156.6538499,True
2018-05-02,373186896.0,richarddbzgt25,roadtohana slideshow nature natural beauty adventure gayadventure,07:47:59,20.66202034,-156.0443422,True
2018-05-02,373186896.0,richarddbzgt25,pray big island ğŸ™ ğŸ”¥ ğŸ¤™ ğŸ¾ hawaii volcano volcanonationalpark the big,01:52:36,20.77,-155.994,True
2018-05-28,19560314.0,rockyrooo,this place awesome and food oh lord foood drinking hanalei island ipa konabrewingco,22:48:18,20.0247,-155.662,True
2018-05-07,372669565.0,rollswithit808,i quinn almost by the sea kailua kona h,05:06:19,19.8087484,-155.8405664,True
2018-05-22,15595248.0,rolodj,i tsa checkpoint kailua kona h,01:03:34,19.64106159,-155.99667379,True
2018-05-22,15595248.0,rolodj,i mi waterfront bistro kailua kona h,22:43:31,19.73532443,-156.04137596,True
2018-05-21,15595248.0,rolodj,i island lava java bistro amp grill lavajavahawaii kailua kona h,05:46:58,19.636325,-155.991918,True
2018-05-20,15595248.0,rolodj,i kona international airport kailua kona h,22:09:15,19.63532716,-155.99023643,True
2018-05-22,15595248.0,rolodj,i as koa gt sfo seat c kailua kona h,22:43:43,19.73549893,-156.04078617,True
2018-05-22,15595248.0,rolodj,i regal cinemas makalapua regalmovies avengers infinity war kailua kona h,06:00:35,19.64065589,-155.99221269999998,True
2018-05-05,8.256275691017462e+17,rowliejohn,every meal include lobster crab stuffed grilled cheese down,05:16:49,20.02949832,-155.69755307,True
2018-05-01,8097332.0,sailingtwidget,my phone away home pele other garden lanai city hi,03:32:22,20.87193297,-156.67862031,True
2018-05-01,8097332.0,sailingtwidget,â€œ keep face sun never see shadows â€ â˜€ ï¸ ğŸ˜™ ğŸ¤™ ğŸ¾ photog,02:24:39,20.87205828,-156.67830409,True
2018-05-06,271941115.0,shawnpila,i â€™ still totally baffled whole situation devastated speechless,00:37:56,19.715143700000002,-155.08454890000002,True
2018-05-06,271941115.0,shawnpila,an insane act nature happening right big island a massive,20:59:25,19.4735,-154.92,True
2018-05-06,7.25546064451752e+17,skinelegancemau,gnarly waves ğŸ¤™ ğŸ„ â€ â™€ ï¸ ğŸ˜‚ island mau,10:13:34,20.8896867,-156.5001345,True
2018-05-04,335107618.0,sokuho_in,thank god kilauea waited us leave exploded ğŸŒ‹ what,23:37:41,19.4,-155.0,True
2018-05-06,18436466.0,spodonahue,just posted photo kona coast resor,10:44:52,20.68434638,-156.441257,True
2018-04-29,16566069.0,steve_boyle,ã“ã‚Œã‹ã‚‰æ—¥æœ¬ã«å¸°ã‚Šã¾ãƒ¼ã™ kona international airport kailua kona hi,23:36:54,20.66597508,-156.43576384,True
2018-05-08,24469301.0,sweetcherrybomb,private plane yesterday around erupting volcano ğŸŒ‹ amazing,20:21:50,19.7055,-155.086,True
2018-05-05,58562147.0,talonreid,well i never thought i would get selfie erupting volcano,06:24:43,20.9967,-156.653,True
2018-05-05,58562147.0,talonreid,âœ” ï¸ ğŸ¤™ ğŸŒ‹ unreal onceinalifetime kilauea kilaueavolcano pele activevolcano,10:54:17,21.000808600000003,-156.6538499,True
2018-04-30,38082391.0,tearuze,broken iphone stressing remember livealoha don â€™ stress,02:26:32,21.00592248,-156.65560156,True
2018-05-05,68403019.0,telizs3,pics visit volcanoes national park halemaumau crater,22:51:28,19.99806,-155.81602,True
2018-04-29,268406927.0,traceyvincel,udon hilo hi earthquakes lava flows,22:00:23,19.39923,-155.287,True
2018-05-05,212574398.0,tri_connelly,my mission life merely survive thrive,05:14:02,19.7055,-155.086,True
2018-05-01,2910451639.0,twotonephoto,i konabrewingco amp brewpub kailua kona hi uwdju,17:23:53,20.7591,-156.457,True
2018-05-02,1215501686.0,ubchillin,may best place ever get morning coffee hawaiiforestandtrail kona,16:39:13,19.5653,-155.965,True
2018-05-03,1215501686.0,ubchillin,ub chillin feet outer rim pele ubchillin,19:11:22,19.53468321,-155.93114052,True
2018-05-09,240277857.0,vinodivasworld,after traveling past days evacuated home,08:04:29,20.84899058,-156.50721138,True
2018-05-07,30883871.0,wubbi,earthquake earthquake oh kalan,00:40:02,19.56666667,-155.5,True
